{
    "NGC3705": {
        "b_a": 0.4198639417335793,
        "cos_i": 0.14196430163339427,
        "offset": 196.97516989811245,
        "r_50": 168.3961115142533,
        "r_90": 473.5345924385009,
        "sma50": 388.0913372426373,
        "PA": -60.093447498884586
    },
    "MCG05": {
        "b_a": 0.875134093504027,
        "cos_i": 0.7561038350136616,
        "offset": 6.743496590180862,
        "r_50": 9.211160921631247,
        "r_90": 24.699154896331894,
        "sma50": 18.662051140743266,
        "PA": 45.85111384387838
    },
    "MCG06": {
        "b_a": 0.5072026458911908,
        "cos_i": 0.22630679583231741,
        "offset": 24.145076730228077,
        "r_50": 35.111470242597996,
        "r_90": 70.89404549551475,
        "sma50": 85.13712059716828,
        "PA": -36.577958681351305
    },
    "UGC9379": {
        "b_a": 0.5352495603795696,
        "cos_i": 0.2567625957151276,
        "offset": 50.16705115714908,
        "r_50": 33.17554207789931,
        "r_90": 55.46600254843113,
        "sma50": 64.84084429068469,
        "PA": -49.944114201834736
    },
    "NVSSJ09": {
        "b_a": 0.40148783962498447,
        "cos_i": 0.12624217225701798,
        "offset": 51.05203486662692,
        "r_50": 43.65440439083846,
        "r_90": 79.77938765379699,
        "sma50": 107.68481199927021,
        "PA": -48.726179399649936
    },
    "NGC6365A": {
        "b_a": 0.9748597009078142,
        "cos_i": 0.9482827463063258,
        "offset": 14.025735621311199,
        "r_50": 11.237516327651667,
        "r_90": 21.35393478160926,
        "sma50": 20.34695814801313,
        "PA": 42.686221763439164
    },
    "NGC3016": {
        "b_a": 0.5443893613635142,
        "cos_i": 0.26704143413101555,
        "offset": 5.902408360930589,
        "r_50": 41.24587473682212,
        "r_90": 93.92039841422906,
        "sma50": 89.97455236326549,
        "PA": 71.93814891710215
    }
}